filename,width,height,class,xmin,ymin,xmax,ymax
107.jpg,640,640,price_tag,106,248,559,474
107.jpg,640,640,name,118,301,258,339
107.jpg,640,640,barcode,136,393,267,452
107.jpg,640,640,price,262,280,529,418
108.jpg,640,640,price_tag,32,228,523,473
108.jpg,640,640,name,75,249,488,345
108.jpg,640,640,barcode,66,367,208,424
108.jpg,640,640,price,298,351,481,431
109.jpg,640,640,price_tag,94,340,471,522
109.jpg,640,640,name,103,393,227,429
109.jpg,640,640,barcode,123,464,236,509
109.jpg,640,640,price,234,373,454,478
110.jpg,640,640,price_tag,59,289,261,436
110.jpg,640,640,price_tag,247,248,424,411
110.jpg,640,640,price_tag,428,232,584,383
110.jpg,640,640,name,69,302,211,354
110.jpg,640,640,name,254,279,395,307
110.jpg,640,640,name,426,251,558,299
110.jpg,640,640,barcode,135,384,252,431
110.jpg,640,640,barcode,307,353,422,395
110.jpg,640,640,barcode,474,327,581,374
110.jpg,640,640,price,145,344,245,384
110.jpg,640,640,price,314,312,414,357
110.jpg,640,640,price,489,285,578,330
111.jpg,640,640,price_tag,73,288,529,465
111.jpg,640,640,price,239,307,507,435
111.jpg,640,640,name,90,304,235,349
111.jpg,640,640,barcode,101,399,235,439
112.jpg,640,640,price_tag,137,143,564,419
112.jpg,640,640,name,147,167,291,245
112.jpg,640,640,price,284,213,509,380
112.jpg,640,640,barcode,138,263,264,327
113.jpg,640,640,price_tag,183,290,442,427
113.jpg,640,640,name,192,312,281,338
113.jpg,640,640,price,288,310,433,395
113.jpg,640,640,barcode,198,377,279,411
115.jpg,640,640,price_tag,71,300,524,533
115.jpg,640,640,name,96,365,241,418
115.jpg,640,640,barcode,114,456,247,515
115.jpg,640,640,price,243,337,505,488
116.jpg,640,640,price_tag,37,196,584,523
116.jpg,640,640,price,235,243,552,434
116.jpg,640,640,name,49,299,226,364
116.jpg,640,640,barcode,90,413,254,503
117.jpg,640,640,price_tag,70,277,533,465
117.jpg,640,640,price,232,301,492,436
117.jpg,640,640,name,81,297,230,325
117.jpg,640,640,barcode,90,386,225,433
1173.jpg,640,640,price_tag,49,106,571,391
1173.jpg,640,640,price,231,164,535,347
1173.jpg,640,640,name,63,120,234,178
1173.jpg,640,640,barcode,56,248,207,320
1174.jpg,640,640,price_tag,142,116,588,429
1174.jpg,640,640,price,294,262,512,403
1174.jpg,640,640,name,170,225,312,288
1174.jpg,640,640,barcode,146,313,278,367
1177.jpg,640,640,price_tag,37,152,524,435
1177.jpg,640,640,price,240,199,499,367
1177.jpg,640,640,name,64,235,228,307
1177.jpg,640,640,barcode,94,348,241,418
1178.jpg,640,640,price_tag,62,220,640,539
1178.jpg,640,640,price,267,302,571,502
1178.jpg,640,640,name,79,244,268,310
1178.jpg,640,640,barcode,66,353,239,429
118.jpg,640,640,price_tag,24,138,541,431
118.jpg,640,640,price,229,185,511,352
118.jpg,640,640,name,34,240,213,310
118.jpg,640,640,barcode,75,335,231,414
1180.jpg,640,640,price_tag,40,303,520,547
1180.jpg,640,640,price,224,346,499,485
1180.jpg,640,640,name,52,382,213,432
1180.jpg,640,640,barcode,83,466,224,530
1181.jpg,640,640,price_tag,73,278,526,504
1181.jpg,640,640,price,371,360,502,427
1181.jpg,640,640,name,103,322,443,403
1181.jpg,640,640,barcode,139,437,259,493
1182.jpg,640,640,price_tag,116,241,580,444
1182.jpg,640,640,price,277,287,528,416
1182.jpg,640,640,name,129,263,275,311
1182.jpg,640,640,barcode,135,350,263,395
1183.jpg,640,640,price_tag,96,257,491,469
1183.jpg,640,640,price,241,295,483,425
1183.jpg,640,640,name,98,316,231,360
1183.jpg,640,640,barcode,113,405,241,457
1184.jpg,640,640,price_tag,107,199,504,484
1184.jpg,640,640,price,377,365,445,414
1184.jpg,640,640,name,275,229,463,291
1184.jpg,640,640,barcode,134,414,237,450
1185.jpg,640,640,price_tag,141,232,554,543
1185.jpg,640,640,price,271,298,499,494
1185.jpg,640,640,name,152,248,279,324
1185.jpg,640,640,barcode,142,335,252,405
1186.jpg,640,640,price_tag,148,316,490,470
1186.jpg,640,640,price,271,343,465,448
1186.jpg,640,640,name,157,334,271,373
1186.jpg,640,640,barcode,158,412,261,450
1187.jpg,640,640,price_tag,54,169,379,312
1187.jpg,640,640,price,174,185,364,285
1187.jpg,640,640,name,66,177,171,201
1187.jpg,640,640,barcode,69,254,170,289
119.jpg,640,640,price_tag,28,163,568,447
119.jpg,640,640,name,33,237,208,282
119.jpg,640,640,barcode,57,365,218,429
119.jpg,640,640,price,217,224,532,400
120.jpg,640,640,price_tag,39,270,627,532
120.jpg,640,640,name,58,293,260,362
120.jpg,640,640,barcode,51,412,238,475
120.jpg,640,640,price,247,318,586,489
121.jpg,640,640,price_tag,44,240,568,447
121.jpg,640,640,name,52,264,237,314
121.jpg,640,640,barcode,63,381,232,433
121.jpg,640,640,price,245,267,543,415
122.jpg,640,640,price_tag,18,239,496,471
122.jpg,640,640,price,200,279,479,418
122.jpg,640,640,barcode,52,394,196,449
122.jpg,640,640,name,32,295,190,331
123.jpg,640,640,price_tag,130,257,546,485
123.jpg,640,640,price,269,301,513,451
123.jpg,640,640,name,137,284,264,318
123.jpg,640,640,barcode,138,371,255,426
124.jpg,640,640,price_tag,90,255,532,474
124.jpg,640,640,name,112,323,249,365
124.jpg,640,640,barcode,148,405,268,461
124.jpg,640,640,price,258,292,505,423
125.jpg,640,640,price_tag,68,139,596,430
125.jpg,640,640,name,71,218,249,287
125.jpg,640,640,barcode,106,342,261,412
125.jpg,640,640,price,258,193,575,371
126.jpg,640,640,price_tag,198,240,539,416
126.jpg,640,640,price,324,270,528,376
126.jpg,640,640,name,205,287,317,316
126.jpg,640,640,barcode,213,359,320,401
127.jpg,640,640,price_tag,103,82,467,273
127.jpg,640,640,name,108,118,232,144
127.jpg,640,640,price,235,115,458,237
127.jpg,640,640,barcode,114,212,231,254
128.jpg,640,640,price_tag,126,150,379,506
128.jpg,640,640,price,209,356,326,414
128.jpg,640,640,barcode,176,430,315,483
128.jpg,640,640,name,162,249,313,299
129.jpg,640,640,price_tag,70,193,592,527
129.jpg,640,640,name,79,222,243,313
129.jpg,640,640,barcode,73,323,215,403
129.jpg,640,640,price,229,270,517,482
130.jpg,640,640,price_tag,33,206,500,478
130.jpg,640,640,name,36,228,195,312
130.jpg,640,640,barcode,37,326,174,388
130.jpg,640,640,price,190,279,439,445
131.jpg,640,640,price_tag,94,253,483,467
131.jpg,640,640,barcode,107,379,243,435
131.jpg,640,640,name,103,283,246,333
131.jpg,640,640,price,249,277,464,405
132.jpg,640,640,price_tag,71,220,537,515
132.jpg,640,640,name,102,245,247,299
132.jpg,640,640,barcode,81,349,219,420
132.jpg,640,640,price,237,286,498,468
133.jpg,640,640,price_tag,196,208,636,466
133.jpg,640,640,barcode,226,385,367,456
133.jpg,640,640,name,198,243,556,358
133.jpg,640,640,price,483,281,636,368
134.jpg,640,640,price_tag,128,201,510,424
134.jpg,640,640,price,263,231,501,365
134.jpg,640,640,barcode,148,344,267,397
134.jpg,640,640,name,132,245,262,299
135.jpg,640,640,price_tag,153,222,530,449
135.jpg,640,640,price,290,257,518,391
135.jpg,640,640,barcode,178,364,294,427
135.jpg,640,640,name,157,281,288,322
136.jpg,640,640,price_tag,115,258,441,474
136.jpg,640,640,price,215,298,415,442
136.jpg,640,640,barcode,119,328,208,380
136.jpg,640,640,name,120,264,222,305
137.jpg,640,640,price_tag,163,391,462,513
137.jpg,640,640,name,164,417,268,452
137.jpg,640,640,price,271,399,460,488
137.jpg,640,640,barcode,175,467,271,501
138.jpg,640,640,price_tag,81,239,519,458
138.jpg,640,640,name,102,259,252,329
138.jpg,640,640,price,246,305,458,439
138.jpg,640,640,barcode,96,339,225,395
139.jpg,640,640,price_tag,115,236,544,516
139.jpg,640,640,name,134,242,280,318
139.jpg,640,640,barcode,115,337,248,410
139.jpg,640,640,price,255,288,501,469
140.jpg,640,640,price_tag,69,178,515,468
140.jpg,640,640,price,367,263,511,362
140.jpg,640,640,name,75,233,426,352
140.jpg,640,640,barcode,122,373,251,442
141.jpg,640,640,price_tag,52,254,506,481
141.jpg,640,640,price,217,297,469,439
141.jpg,640,640,name,66,273,214,313
141.jpg,640,640,barcode,53,372,199,431
499.jpg,640,640,price_tag,81,216,454,408
499.jpg,640,640,price,217,242,428,382
499.jpg,640,640,name,92,229,217,256
499.jpg,640,640,barcode,86,314,204,363
500.jpg,640,640,price_tag,66,278,562,463
500.jpg,640,640,price,402,371,524,443
500.jpg,640,640,name,92,292,479,350
500.jpg,640,640,barcode,99,400,249,444
501.jpg,640,640,price_tag,73,328,626,538
501.jpg,640,640,price,281,354,602,508
501.jpg,640,640,name,90,358,272,386
501.jpg,640,640,barcode,117,475,272,521
502.jpg,640,640,price_tag,173,192,624,516
502.jpg,640,640,barcode,192,399,340,486
503.jpg,640,640,price_tag,94,207,522,395
503.jpg,640,640,barcode,128,335,254,379
503.jpg,640,640,price,373,278,495,337
503.jpg,640,640,name,121,242,422,295
504.jpg,640,640,price_tag,159,150,578,422
504.jpg,640,640,name,169,243,313,316
504.jpg,640,640,price,312,192,566,354
504.jpg,640,640,barcode,201,335,330,405
506.jpg,640,640,price_tag,29,159,620,485
506.jpg,640,640,price,241,235,569,444
506.jpg,640,640,barcode,32,312,210,390
506.jpg,640,640,name,42,188,241,245
508.jpg,640,640,price_tag,65,285,540,537
508.jpg,640,640,name,81,304,239,354
508.jpg,640,640,price,222,346,475,503
508.jpg,640,640,barcode,73,410,207,469
510.jpg,640,640,price_tag,144,296,640,462
510.jpg,640,640,price,341,324,609,435
510.jpg,640,640,name,167,315,341,356
510.jpg,640,640,barcode,175,400,325,442
512.jpg,640,640,price_tag,64,189,615,491
512.jpg,640,640,name,66,216,241,275
512.jpg,640,640,barcode,66,331,219,401
512.jpg,640,640,price,241,260,530,448
513.jpg,640,640,price_tag,32,234,547,467
513.jpg,640,640,name,43,276,214,312
513.jpg,640,640,barcode,62,384,215,442
513.jpg,640,640,price,222,268,517,415
514.jpg,640,640,price_tag,48,146,630,482
514.jpg,640,640,name,62,171,241,223
514.jpg,640,640,barcode,48,297,209,378
514.jpg,640,640,price,241,210,570,431
515.jpg,640,640,price_tag,103,227,507,398
515.jpg,640,640,price,325,303,488,369
515.jpg,640,640,name,122,237,426,312
515.jpg,640,640,barcode,125,348,247,386
516.jpg,640,640,price_tag,201,314,541,487
516.jpg,640,640,price,403,400,513,459
516.jpg,640,640,name,222,327,434,378
516.jpg,640,640,barcode,213,408,312,450
517.jpg,640,640,price_tag,106,301,467,471
517.jpg,640,640,price,232,323,452,435
517.jpg,640,640,name,109,329,229,370
517.jpg,640,640,barcode,121,412,231,455
518.jpg,640,640,price_tag,58,288,457,460
518.jpg,640,640,price,211,320,438,436
518.jpg,640,640,name,71,305,207,333
518.jpg,640,640,barcode,68,393,196,436
519.jpg,640,640,price_tag,99,278,553,505
519.jpg,640,640,barcode,153,437,278,489
519.jpg,640,640,name,124,320,454,403
519.jpg,640,640,price,439,361,535,427
520.jpg,640,640,price_tag,49,269,515,461
520.jpg,640,640,price,217,310,462,434
520.jpg,640,640,name,60,285,214,339
520.jpg,640,640,barcode,71,372,203,416
521.jpg,640,640,price_tag,94,223,435,420
521.jpg,640,640,price,287,329,400,382
521.jpg,640,640,name,107,232,383,324
521.jpg,640,640,barcode,103,314,198,357
522.jpg,640,640,price_tag,140,354,551,506
522.jpg,640,640,price,309,382,526,479
522.jpg,640,640,name,162,392,292,417
522.jpg,640,640,barcode,184,461,300,499
523.jpg,640,640,price_tag,107,288,465,446
523.jpg,640,640,price,356,371,441,420
523.jpg,640,640,barcode,127,377,234,412
523.jpg,640,640,name,120,295,400,357
524.jpg,640,640,price_tag,139,120,564,350
524.jpg,640,640,price,280,167,524,312
524.jpg,640,640,name,149,144,290,179
524.jpg,640,640,barcode,139,244,273,298
525.jpg,640,640,price_tag,98,389,520,559
525.jpg,640,640,price,249,412,493,537
525.jpg,640,640,name,107,401,249,428
525.jpg,640,640,barcode,110,495,239,538
527.jpg,640,640,price_tag,60,134,483,346
527.jpg,640,640,price,220,171,456,314
527.jpg,640,640,name,71,155,214,203
527.jpg,640,640,barcode,64,249,204,308
528.jpg,640,640,price_tag,122,286,486,431
528.jpg,640,640,name,133,322,257,351
528.jpg,640,640,barcode,152,378,259,416
528.jpg,640,640,price,262,305,459,392
529.jpg,640,640,price_tag,73,246,536,499
529.jpg,640,640,price,248,291,517,444
529.jpg,640,640,name,88,316,243,377
529.jpg,640,640,barcode,115,418,251,481
530.jpg,640,640,price_tag,39,167,606,420
530.jpg,640,640,price,269,203,573,367
530.jpg,640,640,name,52,208,242,265
530.jpg,640,640,barcode,68,334,238,395
531.jpg,640,640,price_tag,64,267,554,523
531.jpg,640,640,price,232,318,500,479
531.jpg,640,640,name,88,284,242,349
531.jpg,640,640,barcode,69,386,219,448
532.jpg,640,640,price_tag,22,154,542,422
532.jpg,640,640,name,41,213,213,261
532.jpg,640,640,price,215,188,521,368
532.jpg,640,640,barcode,77,335,225,402
533.jpg,640,640,price_tag,26,159,635,445
533.jpg,640,640,barcode,51,327,241,395
533.jpg,640,640,price,264,199,609,397
533.jpg,640,640,name,53,188,256,222
534.jpg,640,640,price_tag,167,246,473,418
534.jpg,640,640,price,265,278,443,393
534.jpg,640,640,name,170,261,266,299
534.jpg,640,640,barcode,170,328,256,366
535.jpg,640,640,price_tag,46,257,468,588
535.jpg,640,640,name,221,287,454,345
535.jpg,640,640,price,321,435,460,512
535.jpg,640,640,barcode,97,543,218,578
536.jpg,640,640,price_tag,94,219,590,497
536.jpg,640,640,price,281,284,559,466
536.jpg,640,640,name,124,243,302,311
536.jpg,640,640,barcode,103,348,269,414
537.jpg,640,640,price_tag,109,257,623,450
537.jpg,640,640,price,303,295,569,410
537.jpg,640,640,name,126,293,292,320
537.jpg,640,640,barcode,139,387,288,435
538.jpg,640,640,price_tag,60,293,553,516
538.jpg,640,640,price,224,327,516,474
538.jpg,640,640,barcode,75,408,213,464
538.jpg,640,640,name,70,310,226,340
539.jpg,640,640,price_tag,98,264,447,417
539.jpg,640,640,price,228,285,431,395
539.jpg,640,640,name,107,281,226,301
539.jpg,640,640,barcode,114,363,220,405
540.jpg,640,640,price_tag,52,199,544,476
540.jpg,640,640,price,245,278,490,441
540.jpg,640,640,name,77,231,245,307
540.jpg,640,640,barcode,59,333,216,403
541.jpg,640,640,price_tag,28,214,630,474
541.jpg,640,640,price,416,292,612,382
541.jpg,640,640,barcode,98,388,262,454
541.jpg,640,640,name,64,227,545,348
542.jpg,640,640,price_tag,123,252,503,456
542.jpg,640,640,price,247,286,469,417
542.jpg,640,640,name,131,265,256,297
542.jpg,640,640,barcode,126,350,239,400
543.jpg,640,640,price_tag,222,223,464,344
543.jpg,640,640,price,310,244,445,323
543.jpg,640,640,name,232,234,313,267
543.jpg,640,640,barcode,227,284,301,316
544.jpg,640,640,price_tag,145,127,597,416
544.jpg,640,640,price,405,290,545,367
544.jpg,640,640,name,196,146,515,276
544.jpg,640,640,name,168,259,291,324
545.jpg,640,640,price_tag,41,264,504,512
545.jpg,640,640,price,213,300,482,444
545.jpg,640,640,name,52,310,218,347
545.jpg,640,640,barcode,66,418,219,485
546.jpg,640,640,price_tag,66,242,528,515
546.jpg,640,640,price,222,314,475,478
546.jpg,640,640,name,86,265,245,320
546.jpg,640,640,barcode,71,359,209,427
547.jpg,640,640,price_tag,66,242,528,515
547.jpg,640,640,price,222,314,475,478
547.jpg,640,640,name,86,265,245,320
547.jpg,640,640,barcode,71,359,209,427
548.jpg,640,640,price_tag,20,117,580,420
548.jpg,640,640,price,229,181,542,357
548.jpg,640,640,name,30,216,212,275
548.jpg,640,640,barcode,64,327,234,403
883.jpg,1773,1773,price_tag,199,458,1620,1007
883.jpg,1773,1773,barcode,273,792,702,972
883.jpg,1773,1773,name,272,473,970,617
883.jpg,1773,1773,price,1069,718,1546,928
884.jpg,1773,1773,price_tag,393,525,1449,954
884.jpg,1773,1773,name,468,546,1155,661
884.jpg,1773,1773,barcode,453,790,785,922
884.jpg,1773,1773,price,1060,726,1416,891
885.jpg,1773,1773,price_tag,294,633,1275,1041
885.jpg,1773,1773,name,362,659,1183,820
885.jpg,1773,1773,barcode,361,886,660,1009
885.jpg,1773,1773,price,931,836,1228,984
886.jpg,3024,4032,price_tag,412,400,2584,3192
886.jpg,3024,4032,price,1274,2216,2104,2614
886.jpg,3024,4032,barcode,1053,2865,2074,3069
886.jpg,3024,4032,name,547,1308,1945,1743
887.jpg,1536,2048,price_tag,77,511,1377,1514
887.jpg,1536,2048,name,647,575,1273,807
887.jpg,1536,2048,price,867,1074,1314,1277
887.jpg,1536,2048,barcode,129,1344,543,1466
888.jpg,1536,2048,price_tag,73,701,734,1192
888.jpg,1536,2048,price,477,960,696,1069
888.jpg,1536,2048,name,340,710,701,833
888.jpg,1536,2048,barcode,83,1095,297,1170
888.jpg,1536,2048,price_tag,831,707,1481,1190
888.jpg,1536,2048,price,1239,971,1449,1082
888.jpg,1536,2048,name,1098,728,1420,827
888.jpg,1536,2048,barcode,868,1110,1071,1168
889.jpg,1536,2048,price_tag,190,640,1076,1287
889.jpg,1536,2048,barcode,254,1202,525,1276
889.jpg,1536,2048,price,765,1014,1031,1138
889.jpg,1536,2048,name,574,666,1033,797
890.jpg,1536,2048,price_tag,63,846,675,1323
890.jpg,1536,2048,barcode,83,1239,284,1299
890.jpg,1536,2048,price,440,1093,646,1210
890.jpg,1536,2048,name,318,865,650,979
890.jpg,1536,2048,price_tag,773,864,1400,1329
890.jpg,1536,2048,price,1154,1120,1351,1216
890.jpg,1536,2048,barcode,789,1240,987,1304
890.jpg,1536,2048,name,1034,877,1349,975
890.jpg,1536,2048,price_tag,339,1671,773,2047
890.jpg,1536,2048,price,606,1877,754,1951
890.jpg,1536,2048,barcode,346,1971,479,2030
890.jpg,1536,2048,name,519,1687,763,1776
891.jpg,1536,2048,price_tag,247,563,1212,1293
891.jpg,1536,2048,barcode,316,1172,591,1269
891.jpg,1536,2048,price,862,966,1176,1135
891.jpg,1536,2048,name,649,600,1202,779
892.jpg,1536,2048,price_tag,129,836,1029,1552
892.jpg,1536,2048,barcode,173,1393,448,1494
892.jpg,1536,2048,price,700,1236,1003,1379
892.jpg,1536,2048,name,513,869,1006,1057
893.jpg,1536,2048,price_tag,32,779,725,1277
893.jpg,1536,2048,barcode,131,1200,318,1264
893.jpg,1536,2048,price,494,1064,697,1172
893.jpg,1536,2048,name,323,827,702,923
893.jpg,1536,2048,price_tag,741,791,1394,1292
893.jpg,1536,2048,barcode,756,1186,951,1248
893.jpg,1536,2048,price,1120,1049,1335,1168
893.jpg,1536,2048,name,1004,810,1367,955
894.jpg,1773,1773,price_tag,169,648,1255,1513
894.jpg,1773,1773,barcode,217,1312,551,1436
894.jpg,1773,1773,price,806,1109,1198,1282
894.jpg,1773,1773,name,648,715,1153,911
895.jpg,1773,1773,price_tag,199,626,1255,1399
895.jpg,1773,1773,barcode,190,1244,542,1387
895.jpg,1773,1773,price,824,1058,1192,1219
895.jpg,1773,1773,name,655,667,1168,873
896.jpg,1773,1773,price_tag,70,618,1210,1495
896.jpg,1773,1773,barcode,72,1368,470,1501
896.jpg,1773,1773,price,774,1118,1171,1292
896.jpg,1773,1773,name,570,663,1159,841
897.jpg,1773,1773,price_tag,149,580,1354,1460
897.jpg,1773,1773,barcode,160,1321,545,1434
897.jpg,1773,1773,price,839,1062,1294,1225
897.jpg,1773,1773,name,634,611,1256,824
898.jpg,1773,1773,price_tag,68,524,846,1093
898.jpg,1773,1773,barcode,72,974,324,1066
898.jpg,1773,1773,price,540,850,812,961
898.jpg,1773,1773,name,408,549,824,681
898.jpg,1773,1773,price_tag,869,557,1624,1097
898.jpg,1773,1773,barcode,884,996,1154,1077
898.jpg,1773,1773,price,1309,858,1580,975
898.jpg,1773,1773,name,1177,581,1543,718
899.jpg,1773,1773,price_tag,327,899,1382,1691
899.jpg,1773,1773,barcode,345,1562,683,1676
899.jpg,1773,1773,price,942,1327,1306,1510
899.jpg,1773,1773,name,766,934,1298,1126
900.jpg,1773,1773,price_tag,250,416,1770,1557
900.jpg,1773,1773,barcode,355,1362,806,1500
900.jpg,1773,1773,price,1220,1054,1699,1302
900.jpg,1773,1773,name,890,475,1772,778
901.jpg,1773,1773,price_tag,4,490,1434,1495
901.jpg,1773,1773,barcode,129,1367,562,1487
901.jpg,1773,1773,price,933,1068,1376,1261
901.jpg,1773,1773,name,619,542,1390,716
902.jpg,1773,1773,price_tag,345,541,1759,1621
902.jpg,1773,1773,barcode,427,1439,848,1578
902.jpg,1773,1773,price,1277,1200,1719,1435
902.jpg,1773,1773,name,992,641,1754,874
903.jpg,1773,1773,price_tag,308,627,1343,1036
903.jpg,1773,1773,barcode,372,893,696,1014
903.jpg,1773,1773,name,374,672,1125,809
903.jpg,1773,1773,price,1023,842,1289,982
904.jpg,1773,1773,price_tag,308,807,1537,1266
904.jpg,1773,1773,barcode,388,1100,774,1244
904.jpg,1773,1773,price,1127,1012,1494,1191
904.jpg,1773,1773,name,407,821,1314,990
905.jpg,1773,1773,price_tag,165,779,1401,1276
905.jpg,1773,1773,barcode,254,1079,608,1234
905.jpg,1773,1773,price,1063,1043,1357,1218
905.jpg,1773,1773,name,236,814,1169,1004
906.jpg,1773,1773,price_tag,420,825,1352,1171
906.jpg,1773,1773,barcode,495,1065,799,1167
906.jpg,1773,1773,price,1099,963,1325,1100
906.jpg,1773,1773,name,476,840,1149,963
907.jpg,1773,1773,price_tag,457,867,1361,1227
907.jpg,1773,1773,barcode,515,1095,818,1214
907.jpg,1773,1773,price,1044,1000,1350,1153
907.jpg,1773,1773,name,508,884,1189,1008
908.jpg,1773,1773,price_tag,304,833,1490,1301
908.jpg,1773,1773,barcode,376,1133,743,1279
908.jpg,1773,1773,price,1092,1029,1463,1218
908.jpg,1773,1773,name,372,858,997,1014
909.jpg,1773,1773,price_tag,190,593,1330,1294
909.jpg,1773,1773,barcode,347,1184,676,1290
909.jpg,1773,1773,price,1076,967,1285,1132
909.jpg,1773,1773,name,718,636,1317,789
910.jpg,1773,1773,price_tag,370,667,1456,1094
910.jpg,1773,1773,barcode,430,918,769,1053
910.jpg,1773,1773,price,1176,871,1411,1035
910.jpg,1773,1773,name,416,686,1408,874
911.jpg,1773,1773,price_tag,245,836,1693,1343
911.jpg,1773,1773,barcode,334,1157,791,1303
911.jpg,1773,1773,price,1260,1049,1609,1236
911.jpg,1773,1773,name,309,863,1381,1004
912.jpg,1773,1773,price_tag,324,742,1379,1112
912.jpg,1773,1773,barcode,410,979,733,1090
912.jpg,1773,1773,price,1075,931,1342,1069
912.jpg,1773,1773,name,391,777,1285,922
913.jpg,1773,1773,price_tag,394,877,1495,1339
913.jpg,1773,1773,barcode,446,1122,772,1288
913.jpg,1773,1773,price,1108,1107,1453,1279
913.jpg,1773,1773,name,436,896,1318,1088
914.jpg,1773,1773,price_tag,284,620,1454,1078
914.jpg,1773,1773,barcode,345,902,713,1050
914.jpg,1773,1773,price,1029,828,1398,1027
914.jpg,1773,1773,name,355,646,1208,824
915.jpg,1773,1773,price_tag,169,569,1215,1270
915.jpg,1773,1773,barcode,298,1159,604,1251
915.jpg,1773,1773,price,847,962,1181,1127
915.jpg,1773,1773,name,634,609,1140,767
916.jpg,1773,1773,price_tag,133,437,1383,891
916.jpg,1773,1773,barcode,229,741,590,878
916.jpg,1773,1773,price,942,642,1341,818
916.jpg,1773,1773,name,194,461,1186,618
917.jpg,1773,1773,price_tag,68,547,1254,1342
917.jpg,1773,1773,barcode,200,1221,563,1315
917.jpg,1773,1773,price,835,1015,1202,1166
917.jpg,1773,1773,name,569,609,1221,792
918.jpg,1773,1773,price_tag,218,646,1295,1310
918.jpg,1773,1773,barcode,345,1230,654,1297
918.jpg,1773,1773,price,966,1005,1224,1189
918.jpg,1773,1773,name,691,682,1268,836
919.jpg,1773,1773,price_tag,381,712,1241,1033
919.jpg,1773,1773,barcode,453,922,717,1033
919.jpg,1773,1773,price,956,850,1217,994
919.jpg,1773,1773,name,445,729,1087,828
920.jpg,1773,1773,price_tag,213,713,1216,1107
920.jpg,1773,1773,barcode,308,957,611,1085
920.jpg,1773,1773,price,880,875,1190,1030
920.jpg,1773,1773,name,290,745,1011,837
921.jpg,1773,1773,price_tag,280,744,1308,1100
921.jpg,1773,1773,barcode,364,980,694,1084
921.jpg,1773,1773,price,954,879,1262,1024
921.jpg,1773,1773,name,333,766,1156,892
922.jpg,1773,1773,price_tag,214,602,1457,1090
922.jpg,1773,1773,barcode,313,914,700,1049
922.jpg,1773,1773,price,1008,759,1385,973
922.jpg,1773,1773,name,280,631,1157,758
923.jpg,1773,1773,price_tag,13,230,1615,1385
923.jpg,1773,1773,barcode,145,1127,593,1294
923.jpg,1773,1773,price,1005,913,1434,1189
923.jpg,1773,1773,name,681,363,1589,649
924.jpg,1773,1773,price_tag,37,785,709,1230
924.jpg,1773,1773,barcode,267,1086,670,1211
924.jpg,1773,1773,price,371,957,664,1077
924.jpg,1773,1773,name,74,801,484,954
924.jpg,1773,1773,price_tag,857,830,1436,1248
924.jpg,1773,1773,barcode,990,1122,1403,1243
924.jpg,1773,1773,price,1101,991,1417,1122
924.jpg,1773,1773,name,890,834,1365,977
925.jpg,1773,1773,price_tag,203,754,772,1218
925.jpg,1773,1773,barcode,347,1074,754,1209
925.jpg,1773,1773,price,436,931,755,1066
925.jpg,1773,1773,name,240,765,685,904
925.jpg,1773,1773,price_tag,918,343,1519,1247
925.jpg,1773,1773,barcode,1073,1118,1470,1235
925.jpg,1773,1773,price,1220,910,1474,1056
925.jpg,1773,1773,name,979,590,1461,751
926.jpg,1773,1773,price_tag,294,1042,673,1335
926.jpg,1773,1773,barcode,397,1245,658,1326
926.jpg,1773,1773,price,437,1152,652,1231
926.jpg,1773,1773,name,334,1045,585,1125
926.jpg,1773,1773,price_tag,945,1046,1317,1336
926.jpg,1773,1773,barcode,1045,1245,1306,1331
926.jpg,1773,1773,price,1078,1163,1298,1245
926.jpg,1773,1773,name,964,1050,1213,1132
927.jpg,1773,1773,price_tag,260,874,780,1227
927.jpg,1773,1773,barcode,402,1115,753,1211
927.jpg,1773,1773,price,454,1007,743,1099
927.jpg,1773,1773,name,282,879,703,977
927.jpg,1773,1773,price_tag,1198,849,1656,1183
927.jpg,1773,1773,barcode,1322,1084,1637,1164
927.jpg,1773,1773,price,1436,984,1636,1065
927.jpg,1773,1773,name,1233,851,1606,970
928.jpg,1773,1773,price_tag,332,773,1008,1313
928.jpg,1773,1773,barcode,542,1122,985,1296
928.jpg,1773,1773,price,591,984,989,1127
928.jpg,1773,1773,name,377,774,931,1018
930.jpg,1773,1773,price_tag,404,864,1161,1413
930.jpg,1773,1773,barcode,638,1265,1131,1386
930.jpg,1773,1773,price,688,1064,1127,1231
930.jpg,1773,1773,name,451,874,1046,1034
931.jpg,1773,1773,price_tag,63,815,836,1428
931.jpg,1773,1773,barcode,296,1245,812,1390
931.jpg,1773,1773,price,385,1061,817,1240
931.jpg,1773,1773,name,111,838,781,1041
932.jpg,1773,1773,price_tag,474,799,956,1188
932.jpg,1773,1773,barcode,612,1074,935,1163
932.jpg,1773,1773,price,659,955,942,1065
932.jpg,1773,1773,name,501,813,921,944
933.jpg,1773,1773,price_tag,518,618,1116,1080
933.jpg,1773,1773,barcode,689,945,1093,1054
933.jpg,1773,1773,price,754,785,1083,929
933.jpg,1773,1773,name,539,621,967,773
934.jpg,1773,1773,price_tag,344,487,1007,1398
934.jpg,1773,1773,barcode,527,1262,937,1359
934.jpg,1773,1773,price,573,1023,955,1193
934.jpg,1773,1773,name,374,723,855,873
935.jpg,1773,1773,price_tag,272,293,1154,1471
935.jpg,1773,1773,barcode,571,1318,1095,1444
935.jpg,1773,1773,price,632,1027,1092,1234
935.jpg,1773,1773,name,339,630,965,869
936.jpg,1773,1773,price_tag,91,178,1190,1600
936.jpg,1773,1773,barcode,429,1419,1036,1556
936.jpg,1773,1773,price,518,1104,1059,1309
936.jpg,1773,1773,name,167,617,908,935
937.jpg,1773,1773,price_tag,402,547,1321,1228
937.jpg,1773,1773,barcode,683,1038,1259,1200
937.jpg,1773,1773,price,765,822,1282,1014
937.jpg,1773,1773,name,463,558,1240,785
938.jpg,1773,1773,price_tag,222,672,1084,1264
938.jpg,1773,1773,barcode,500,1102,1020,1233
938.jpg,1773,1773,price,551,913,1017,1078
938.jpg,1773,1773,name,268,691,871,898
939.jpg,1773,1773,price_tag,208,932,1090,1493
939.jpg,1773,1773,barcode,497,1345,1043,1472
939.jpg,1773,1773,price,563,1142,1051,1326
939.jpg,1773,1773,name,264,941,900,1159
940.jpg,1773,1773,price_tag,252,861,1107,1428
940.jpg,1773,1773,barcode,516,1271,1054,1400
940.jpg,1773,1773,price,601,1081,1057,1248
940.jpg,1773,1773,name,306,875,1007,1033
941.jpg,1773,1773,price_tag,163,727,753,1100
941.jpg,1773,1773,barcode,359,990,728,1081
941.jpg,1773,1773,price,408,863,710,973
941.jpg,1773,1773,name,206,727,666,844
941.jpg,1773,1773,price_tag,820,702,1327,1070
941.jpg,1773,1773,barcode,965,963,1316,1052
941.jpg,1773,1773,price,1027,842,1308,948
941.jpg,1773,1773,name,853,700,1272,820
942.jpg,1773,1773,price_tag,361,907,1082,1419
942.jpg,1773,1773,barcode,575,1270,1035,1404
942.jpg,1773,1773,price,636,1090,1047,1264
942.jpg,1773,1773,name,407,935,951,1097
943.jpg,1773,1773,price_tag,803,826,1529,1367
943.jpg,1773,1773,barcode,1009,1215,1500,1354
943.jpg,1773,1773,price,1113,1031,1517,1182
943.jpg,1773,1773,name,844,835,1367,1009
944.jpg,1773,1773,price_tag,190,837,1097,1542
944.jpg,1773,1773,barcode,441,1333,1059,1509
944.jpg,1773,1773,price,542,1097,1055,1317
944.jpg,1773,1773,name,234,846,892,1038
945.jpg,1773,1773,price_tag,324,788,1299,1566
945.jpg,1773,1773,barcode,575,1326,1245,1534
945.jpg,1773,1773,price,681,1064,1250,1291
945.jpg,1773,1773,name,356,792,1072,1049
946.jpg,1773,1773,price_tag,419,809,1467,1654
946.jpg,1773,1773,barcode,702,1373,1429,1618
946.jpg,1773,1773,price,793,1124,1419,1363
946.jpg,1773,1773,name,464,837,1242,1076
947.jpg,1773,1773,price_tag,95,324,1526,1288
947.jpg,1773,1773,barcode,229,1154,638,1281
947.jpg,1773,1773,price,926,932,1356,1141
947.jpg,1773,1773,name,695,427,1422,717
948.jpg,1773,1773,price_tag,237,554,1475,1422
948.jpg,1773,1773,barcode,306,1222,672,1358
948.jpg,1773,1773,price,967,1051,1338,1275
948.jpg,1773,1773,name,749,633,1422,841
949.jpg,1773,1773,price_tag,123,619,1388,1534
949.jpg,1773,1773,barcode,250,1327,634,1463
949.jpg,1773,1773,price,952,1216,1347,1398
949.jpg,1773,1773,name,712,777,1330,1113
950.jpg,1773,1773,price_tag,45,383,1661,1456
950.jpg,1773,1773,barcode,207,1292,637,1407
950.jpg,1773,1773,price,1016,1079,1539,1284
950.jpg,1773,1773,name,747,500,1633,863
952.jpg,1773,1773,price_tag,450,695,1485,1125
952.jpg,1773,1773,barcode,513,957,833,1091
952.jpg,1773,1773,price,1083,896,1445,1063
952.jpg,1773,1773,name,511,733,1290,855
953.jpg,1773,1773,price_tag,323,982,1424,1440
953.jpg,1773,1773,barcode,392,1258,741,1402
953.jpg,1773,1773,price,1011,1214,1387,1379
953.jpg,1773,1773,name,398,1021,1145,1145
954.jpg,1773,1773,price_tag,554,926,1495,1327
954.jpg,1773,1773,barcode,604,1139,896,1280
954.jpg,1773,1773,price,1116,1115,1456,1272
954.jpg,1773,1773,name,626,959,1217,1055
955.jpg,1773,1773,price_tag,308,903,1412,1385
955.jpg,1773,1773,barcode,373,1157,715,1340
955.jpg,1773,1773,price,960,1127,1364,1323
955.jpg,1773,1773,name,365,938,1237,1119
956.jpg,1773,1773,price_tag,36,902,1244,1343
956.jpg,1773,1773,barcode,96,1200,501,1355
956.jpg,1773,1773,price,846,1097,1217,1295
956.jpg,1773,1773,name,108,918,1107,1089
957.jpg,1773,1773,price_tag,225,510,1609,1038
957.jpg,1773,1773,barcode,308,831,752,1014
957.jpg,1773,1773,price,1219,743,1554,984
957.jpg,1773,1773,name,272,535,1366,729
958.jpg,1773,1773,price_tag,164,907,1311,1310
958.jpg,1773,1773,barcode,247,1172,610,1307
958.jpg,1773,1773,price,999,1094,1278,1287
958.jpg,1773,1773,name,217,935,1126,1082
959.jpg,1773,1773,price_tag,72,886,1454,1380
959.jpg,1773,1773,barcode,169,1207,599,1360
959.jpg,1773,1773,price,1056,1111,1425,1330
959.jpg,1773,1773,name,144,918,1163,1027
960.jpg,1773,1773,price_tag,65,887,1560,1410
960.jpg,1773,1773,barcode,168,1230,659,1394
960.jpg,1773,1773,price,1172,1123,1509,1372
960.jpg,1773,1773,name,131,903,1259,1073
961.jpg,1773,1773,price_tag,154,494,1501,1427
961.jpg,1773,1773,barcode,310,1290,745,1418
961.jpg,1773,1773,price,1072,1057,1447,1227
961.jpg,1773,1773,name,765,548,1290,744
962.jpg,1773,1773,price_tag,147,758,1508,1263
962.jpg,1773,1773,barcode,239,1072,665,1236
962.jpg,1773,1773,price,1116,1014,1453,1221
962.jpg,1773,1773,name,224,793,1284,967
963.jpg,1773,1773,price_tag,220,749,1355,1213
963.jpg,1773,1773,barcode,268,1037,637,1198
963.jpg,1773,1773,price,1028,987,1328,1163
963.jpg,1773,1773,name,270,794,1177,935
964.jpg,1773,1773,price_tag,346,785,1209,1105
964.jpg,1773,1773,barcode,374,996,678,1114
964.jpg,1773,1773,price,941,943,1196,1079
964.jpg,1773,1773,name,379,804,1024,885
965.jpg,1773,1773,price_tag,383,807,1435,1205
965.jpg,1773,1773,barcode,422,1067,756,1210
965.jpg,1773,1773,price,1120,990,1381,1167
965.jpg,1773,1773,name,417,839,1284,938
966.jpg,1773,1773,price_tag,368,675,1388,1448
966.jpg,1773,1773,barcode,422,1284,752,1411
966.jpg,1773,1773,price,1109,1102,1359,1300
966.jpg,1773,1773,name,796,716,1364,894
967.jpg,1773,1773,price_tag,43,674,1391,1607
967.jpg,1773,1773,barcode,176,1433,581,1563
967.jpg,1773,1773,price,975,1216,1307,1403
967.jpg,1773,1773,name,594,718,1190,964
968.jpg,1773,1773,price_tag,151,361,1655,973
968.jpg,1773,1773,barcode,246,743,694,947
968.jpg,1773,1773,price,1279,661,1615,915
968.jpg,1773,1773,name,248,403,1442,625
969.jpg,1773,1773,price_tag,290,616,1532,1124
969.jpg,1773,1773,barcode,308,909,748,1107
969.jpg,1773,1773,price,1159,859,1505,1063
969.jpg,1773,1773,name,335,648,1363,802
970.jpg,1773,1773,price_tag,210,727,1584,1227
970.jpg,1773,1773,barcode,255,1055,729,1250
970.jpg,1773,1773,price,1163,936,1558,1179
970.jpg,1773,1773,name,279,758,1277,881
971.jpg,1773,1773,price_tag,81,666,1572,1251
971.jpg,1773,1773,barcode,136,1063,646,1245
971.jpg,1773,1773,price,1118,927,1545,1177
971.jpg,1773,1773,name,158,717,1322,887
972.jpg,1773,1773,price_tag,188,610,1255,1296
972.jpg,1773,1773,barcode,304,1150,602,1269
972.jpg,1773,1773,price,920,1000,1190,1158
972.jpg,1773,1773,name,654,645,1206,851
973.jpg,1773,1773,price_tag,332,329,1299,1629
973.jpg,1773,1773,barcode,648,1484,1215,1607
973.jpg,1773,1773,price,855,1230,1237,1414
973.jpg,1773,1773,name,399,771,1189,1007
974.jpg,1773,1773,price_tag,128,492,1187,1279
974.jpg,1773,1773,barcode,456,1041,1107,1236
974.jpg,1773,1773,price,547,823,1115,1051
974.jpg,1773,1773,name,194,525,1011,736
975.jpg,1773,1773,price_tag,344,760,1369,1505
975.jpg,1773,1773,barcode,663,1245,1319,1472
975.jpg,1773,1773,price,777,1063,1303,1283
975.jpg,1773,1773,name,397,779,1331,1007
976.jpg,1773,1773,price_tag,62,691,1290,1589
976.jpg,1773,1773,barcode,169,1418,579,1547
976.jpg,1773,1773,price,815,1187,1234,1411
976.jpg,1773,1773,name,587,757,1289,951
977.jpg,1773,1773,price_tag,408,877,1176,1401
977.jpg,1773,1773,barcode,629,1252,1123,1371
977.jpg,1773,1773,price,722,1101,1118,1227
977.jpg,1773,1773,name,454,905,1053,1021
978.jpg,1773,1773,price_tag,98,777,1073,1482
978.jpg,1773,1773,barcode,432,1296,1054,1458
978.jpg,1773,1773,price,525,1070,1047,1261
978.jpg,1773,1773,name,170,804,868,983
979.jpg,1773,1773,price_tag,144,447,1364,1407
979.jpg,1773,1773,barcode,231,1236,617,1372
979.jpg,1773,1773,price,927,976,1321,1198
979.jpg,1773,1773,name,673,499,1311,699
980.jpg,1773,1773,price_tag,214,645,1249,1367
980.jpg,1773,1773,barcode,544,1204,1196,1360
980.jpg,1773,1773,price,680,965,1229,1163
980.jpg,1773,1773,name,273,690,1227,860
981.jpg,1773,1773,price_tag,152,701,971,1293
981.jpg,1773,1773,barcode,395,1162,942,1288
981.jpg,1773,1773,price,471,962,945,1128
981.jpg,1773,1773,name,208,749,919,915
982.jpg,1773,1773,price_tag,423,574,1368,1285
982.jpg,1773,1773,barcode,734,1098,1324,1253
982.jpg,1773,1773,price,866,876,1338,1083
982.jpg,1773,1773,name,487,612,1154,764
983.jpg,1773,1773,price_tag,53,315,1198,1180
983.jpg,1773,1773,barcode,114,1042,499,1162
983.jpg,1773,1773,price,763,790,1190,1000
983.jpg,1773,1773,name,528,354,1114,563
985.jpg,1773,1773,price_tag,432,813,1086,1303
985.jpg,1773,1773,barcode,616,1134,1056,1278
985.jpg,1773,1773,price,699,951,1047,1129
985.jpg,1773,1773,name,472,830,866,947
986.jpg,1773,1773,price_tag,496,708,1133,1117
986.jpg,1773,1773,barcode,656,976,1113,1109
986.jpg,1773,1773,price,731,837,1091,976
986.jpg,1773,1773,name,540,729,962,828
987.jpg,1773,1773,price_tag,675,791,1547,1495
987.jpg,1773,1773,barcode,905,1260,1513,1475
987.jpg,1773,1773,price,990,1041,1527,1263
987.jpg,1773,1773,name,749,827,1250,1009
988.jpg,1773,1773,price_tag,244,258,1122,882
988.jpg,1773,1773,barcode,522,715,1087,846
988.jpg,1773,1773,price,633,500,1094,699
988.jpg,1773,1773,name,284,270,887,386
989.jpg,1773,1773,price_tag,394,744,1156,1233
989.jpg,1773,1773,barcode,624,1107,1130,1228
989.jpg,1773,1773,price,704,951,1161,1087
989.jpg,1773,1773,name,454,763,1108,918
990.jpg,1773,1773,price_tag,167,577,1081,1226
990.jpg,1773,1773,barcode,431,1037,1078,1193
990.jpg,1773,1773,price,524,831,1005,990
990.jpg,1773,1773,name,208,590,847,778
991.jpg,1773,1773,price_tag,109,727,1614,1292
991.jpg,1773,1773,barcode,193,1075,688,1252
991.jpg,1773,1773,price,1074,1033,1552,1222
991.jpg,1773,1773,name,166,762,1332,971
992.jpg,1773,1773,price_tag,308,1020,1699,1505
992.jpg,1773,1773,barcode,380,1303,862,1465
992.jpg,1773,1773,price,1320,1262,1650,1443
992.jpg,1773,1773,name,354,1052,1014,1189
